obj,kind,hull_iou,cond,m1_fp,m1_fn,m1_tc,m2_fp,m2_fn,m2_tc,chamfer,d_beta1,d_cycle,d_ncomp,phantom,n_skel
box_in_box_00.npz,box_in_box,0.7903831705484599,C0,0,0,0,0,0,0,0.0,0,0,0,0.0,1680
box_in_box_00.npz,box_in_box,0.7903831705484599,C1,0,0,0,0,0,0,1.0,-5026,0,-1,0.0,0
box_in_box_00.npz,box_in_box,0.7903831705484599,C2,0,0,0,0,0,0,1.0,-5026,0,-1,0.0,0
box_in_box_00.npz,box_in_box,0.7903831705484599,C3,1,0,1,1,0,1,1.0,-5026,0,-1,0.0,0
box_in_box_00.npz,box_in_box,0.7903831705484599,C3b,1,0,1,1,0,1,1.0,-5026,0,-1,0.0,0
box_in_box_00.npz,box_in_box,0.7903831705484599,C4,,,,0,0,0,1.0,-5026,0,-1,0.0,0
box_in_box_00.npz,box_in_box,0.7903831705484599,C5,1,0,1,0,0,0,1.0,-5026,0,-1,0.0,0
box_in_box_01.npz,box_in_box,0.7092411720510894,C0,0,0,0,0,0,0,0.0,0,0,0,0.0,1944
box_in_box_01.npz,box_in_box,0.7092411720510894,C1,0,0,0,0,0,0,1.0,-5821,0,-1,0.0,0
box_in_box_01.npz,box_in_box,0.7092411720510894,C2,0,0,0,0,0,0,1.0,-5821,0,-1,0.0,0
box_in_box_01.npz,box_in_box,0.7092411720510894,C3,1,0,1,1,0,1,1.0,-5821,0,-1,0.0,0
box_in_box_01.npz,box_in_box,0.7092411720510894,C3b,1,0,1,1,0,1,1.0,-5821,0,-1,0.0,0
box_in_box_01.npz,box_in_box,0.7092411720510894,C4,,,,0,0,0,1.0,-5821,0,-1,0.0,0
box_in_box_01.npz,box_in_box,0.7092411720510894,C5,1,0,1,0,0,0,1.0,-5821,0,-1,0.0,0
box_in_box_02.npz,box_in_box,0.7903831705484599,C0,0,0,0,0,0,0,0.0,0,0,0,0.0,1680
box_in_box_02.npz,box_in_box,0.7903831705484599,C1,0,0,0,0,0,0,1.0,-5026,0,-1,0.0,0
box_in_box_02.npz,box_in_box,0.7903831705484599,C2,0,0,0,0,0,0,1.0,-5026,0,-1,0.0,0
box_in_box_02.npz,box_in_box,0.7903831705484599,C3,1,0,1,1,0,1,1.0,-5026,0,-1,0.0,0
box_in_box_02.npz,box_in_box,0.7903831705484599,C3b,0,0,0,0,0,0,1.0,-5026,0,-1,0.0,0
box_in_box_02.npz,box_in_box,0.7903831705484599,C4,,,,0,0,0,1.0,-5026,0,-1,0.0,0
box_in_box_02.npz,box_in_box,0.7903831705484599,C5,1,0,1,0,0,0,1.0,-5026,0,-1,0.0,0
box_in_box_03.npz,box_in_box,0.7903831705484599,C0,0,0,0,0,0,0,0.0,0,0,0,0.0,1680
box_in_box_03.npz,box_in_box,0.7903831705484599,C1,0,0,0,0,0,0,1.0,-5026,0,-1,0.0,0
box_in_box_03.npz,box_in_box,0.7903831705484599,C2,0,0,0,0,0,0,1.0,-5026,0,-1,0.0,0
box_in_box_03.npz,box_in_box,0.7903831705484599,C3,1,0,1,1,0,1,1.0,-5026,0,-1,0.0,0
box_in_box_03.npz,box_in_box,0.7903831705484599,C3b,0,0,0,0,0,0,1.0,-5026,0,-1,0.0,0
box_in_box_03.npz,box_in_box,0.7903831705484599,C4,,,,0,0,0,1.0,-5026,0,-1,0.0,0
box_in_box_03.npz,box_in_box,0.7903831705484599,C5,1,0,1,0,0,0,1.0,-5026,0,-1,0.0,0
box_in_box_04.npz,box_in_box,0.836213373403456,C0,0,0,0,0,0,0,0.0,0,0,0,0.0,1680
box_in_box_04.npz,box_in_box,0.836213373403456,C1,0,0,0,0,0,0,1.0,-5026,0,-1,0.0,0
box_in_box_04.npz,box_in_box,0.836213373403456,C2,0,0,0,0,0,0,1.0,-5026,0,-1,0.0,0
box_in_box_04.npz,box_in_box,0.836213373403456,C3,1,0,1,1,0,1,1.0,-5026,0,-1,0.0,0
box_in_box_04.npz,box_in_box,0.836213373403456,C3b,1,0,1,1,0,1,1.0,-5026,0,-1,0.0,0
box_in_box_04.npz,box_in_box,0.836213373403456,C4,,,,0,0,0,1.0,-5026,0,-1,0.0,0
box_in_box_04.npz,box_in_box,0.836213373403456,C5,1,0,1,0,0,0,1.0,-5026,0,-1,0.0,0
bracket_00.npz,bracket,0.8344519015659956,C0,0,0,0,0,0,0,0.0,0,0,0,0.0,58
bracket_00.npz,bracket,0.8344519015659956,C1,0,0,0,0,0,0,0.047791893526920745,0,0,0,0.0,57
bracket_00.npz,bracket,0.8344519015659956,C2,0,0,0,0,0,0,0.047791893526920745,0,0,0,0.0,57
bracket_00.npz,bracket,0.8344519015659956,C3,0,0,0,0,0,0,0.047791893526920745,0,0,0,0.0,57
bracket_00.npz,bracket,0.8344519015659956,C3b,0,2,2,0,0,0,0.047791893526920745,0,0,0,0.0,57
bracket_00.npz,bracket,0.8344519015659956,C4,,,,0,0,0,0.37137208005275557,1,0,0,0.0,57
bracket_00.npz,bracket,0.8344519015659956,C5,0,0,0,0,0,0,0.047791893526920745,0,0,0,0.0,57
bracket_01.npz,bracket,0.8344519015659956,C0,0,0,0,0,0,0,0.0,0,0,0,0.0,58
bracket_01.npz,bracket,0.8344519015659956,C1,0,0,0,0,0,0,0.047791893526920745,0,0,0,0.0,57
bracket_01.npz,bracket,0.8344519015659956,C2,0,0,0,0,0,0,0.06557881773399014,1,0,0,0.0,56
bracket_01.npz,bracket,0.8344519015659956,C3,0,0,0,0,0,0,0.047791893526920745,0,0,0,0.0,57
bracket_01.npz,bracket,0.8344519015659956,C3b,0,2,2,0,0,0,0.047791893526920745,0,0,0,0.0,57
bracket_01.npz,bracket,0.8344519015659956,C4,,,,0,0,0,0.37137208005275557,1,0,0,0.0,57
bracket_01.npz,bracket,0.8344519015659956,C5,0,0,0,0,0,0,0.047791893526920745,0,0,0,0.0,57
bracket_02.npz,bracket,0.8344519015659956,C0,0,0,0,0,0,0,0.0,0,0,0,0.0,58
bracket_02.npz,bracket,0.8344519015659956,C1,0,0,0,0,0,0,0.047791893526920745,0,0,0,0.0,57
bracket_02.npz,bracket,0.8344519015659956,C2,0,0,0,0,0,0,0.06557881773399014,1,0,0,0.0,56
bracket_02.npz,bracket,0.8344519015659956,C3,0,0,0,0,0,0,0.047791893526920745,0,0,0,0.0,57
bracket_02.npz,bracket,0.8344519015659956,C3b,0,1,1,0,0,0,0.047791893526920745,0,0,0,0.0,57
bracket_02.npz,bracket,0.8344519015659956,C4,,,,0,0,0,0.37137208005275557,1,0,0,0.0,57
bracket_02.npz,bracket,0.8344519015659956,C5,0,0,0,0,0,0,0.047791893526920745,0,0,0,0.0,57
bracket_03.npz,bracket,0.8344519015659956,C0,0,0,0,0,0,0,0.0,0,0,0,0.0,58
bracket_03.npz,bracket,0.8344519015659956,C1,0,0,0,0,0,0,0.047791893526920745,0,0,0,0.0,57
bracket_03.npz,bracket,0.8344519015659956,C2,0,0,0,0,0,0,0.07685563997662186,3,0,0,0.0,59
bracket_03.npz,bracket,0.8344519015659956,C3,0,0,0,0,0,0,0.047791893526920745,0,0,0,0.0,57
bracket_03.npz,bracket,0.8344519015659956,C3b,0,3,3,0,0,0,0.047791893526920745,0,0,0,0.0,57
bracket_03.npz,bracket,0.8344519015659956,C4,,,,0,0,0,0.37137208005275557,1,0,0,0.0,57
bracket_03.npz,bracket,0.8344519015659956,C5,0,0,0,0,0,0,0.047791893526920745,0,0,0,0.0,57
bracket_04.npz,bracket,0.8344519015659956,C0,0,0,0,0,0,0,0.0,0,0,0,0.0,58
bracket_04.npz,bracket,0.8344519015659956,C1,0,0,0,0,0,0,0.047791893526920745,0,0,0,0.0,57
bracket_04.npz,bracket,0.8344519015659956,C2,0,0,0,0,0,0,0.07685563997662186,3,0,0,0.0,59
bracket_04.npz,bracket,0.8344519015659956,C3,0,0,0,0,0,0,0.047791893526920745,0,0,0,0.0,57
bracket_04.npz,bracket,0.8344519015659956,C3b,0,2,2,0,0,0,0.047791893526920745,0,0,0,0.0,57
bracket_04.npz,bracket,0.8344519015659956,C4,,,,0,0,0,0.37137208005275557,1,0,0,0.0,57
bracket_04.npz,bracket,0.8344519015659956,C5,0,0,0,0,0,0,0.047791893526920745,0,0,0,0.0,57
cage_cup_00.npz,cage_cup,0.7775377969762419,C0,0,0,0,0,0,0,0.0,0,0,0,0.0,180
cage_cup_00.npz,cage_cup,0.7775377969762419,C1,0,0,0,0,0,0,0.13654392753246658,2,0,0,0.0,185
cage_cup_00.npz,cage_cup,0.7775377969762419,C2,0,1,1,0,1,1,0.47098147927103295,-10,0,3,0.0,130
cage_cup_00.npz,cage_cup,0.7775377969762419,C3,0,0,0,0,0,0,0.13654392753246658,2,0,0,0.0,185
cage_cup_00.npz,cage_cup,0.7775377969762419,C3b,0,3,3,0,0,0,0.13654392753246658,2,0,0,0.0,185
cage_cup_00.npz,cage_cup,0.7775377969762419,C4,,,,2,0,2,0.33860349794597316,10,2,0,0.034934497816593885,229
cage_cup_00.npz,cage_cup,0.7775377969762419,C5,0,0,0,0,0,0,0.13654392753246658,2,0,0,0.0,185
cage_cup_01.npz,cage_cup,0.7857142857142857,C0,0,0,0,0,0,0,0.0,0,0,0,0.0,184
cage_cup_01.npz,cage_cup,0.7857142857142857,C1,0,0,0,0,0,0,0.16024358798438088,6,0,0,0.0,183
cage_cup_01.npz,cage_cup,0.7857142857142857,C2,0,1,1,0,1,1,0.2699456685421085,1,0,1,0.0,164
cage_cup_01.npz,cage_cup,0.7857142857142857,C3,0,0,0,0,0,0,0.16024358798438088,6,0,0,0.0,183
cage_cup_01.npz,cage_cup,0.7857142857142857,C3b,0,3,3,0,0,0,0.16024358798438088,6,0,0,0.0,183
cage_cup_01.npz,cage_cup,0.7857142857142857,C4,,,,0,0,0,0.2817238673229726,4,0,0,0.0,184
cage_cup_01.npz,cage_cup,0.7857142857142857,C5,0,0,0,0,0,0,0.16024358798438088,6,0,0,0.0,183
cage_cup_02.npz,cage_cup,0.7797979797979798,C0,0,0,0,0,0,0,0.0,0,0,0,0.0,182
cage_cup_02.npz,cage_cup,0.7797979797979798,C1,0,0,0,0,0,0,0.14290685212783172,0,0,0,0.0,177
cage_cup_02.npz,cage_cup,0.7797979797979798,C2,0,0,0,0,0,0,0.14290685212783172,0,0,0,0.0,177
cage_cup_02.npz,cage_cup,0.7797979797979798,C3,0,0,0,0,0,0,0.14290685212783172,0,0,0,0.0,177
cage_cup_02.npz,cage_cup,0.7797979797979798,C3b,0,4,4,0,0,0,0.14290685212783172,0,0,0,0.0,177
cage_cup_02.npz,cage_cup,0.7797979797979798,C4,,,,0,0,0,0.2588727269713387,0,0,0,0.0,179
cage_cup_02.npz,cage_cup,0.7797979797979798,C5,0,0,0,0,0,0,0.14290685212783172,0,0,0,0.0,177
cage_cup_03.npz,cage_cup,0.7274678111587983,C0,0,0,0,0,0,0,0.0,0,0,0,0.0,175
cage_cup_03.npz,cage_cup,0.7274678111587983,C1,0,0,0,0,0,0,0.19410008240726973,4,0,0,0.0,175
cage_cup_03.npz,cage_cup,0.7274678111587983,C2,0,1,1,0,1,1,0.3072712747307901,-3,0,1,0.0,150
cage_cup_03.npz,cage_cup,0.7274678111587983,C3,0,0,0,0,0,0,0.19410008240726973,4,0,0,0.0,175
cage_cup_03.npz,cage_cup,0.7274678111587983,C3b,0,2,2,0,0,0,0.19410008240726973,4,0,0,0.0,175
cage_cup_03.npz,cage_cup,0.7274678111587983,C4,,,,2,0,2,0.3659173927389916,9,2,0,0.03669724770642202,218
cage_cup_03.npz,cage_cup,0.7274678111587983,C5,0,0,0,0,0,0,0.19410008240726973,4,0,0,0.0,175
cage_cup_04.npz,cage_cup,0.7819706498951782,C0,0,0,0,0,0,0,0.0,0,0,0,0.0,178
cage_cup_04.npz,cage_cup,0.7819706498951782,C1,0,0,0,0,0,0,0.16716985402670792,-3,0,0,0.0,179
cage_cup_04.npz,cage_cup,0.7819706498951782,C2,0,0,0,0,0,0,0.36980503734855646,-9,0,0,0.0,149
cage_cup_04.npz,cage_cup,0.7819706498951782,C3,0,0,0,0,0,0,0.16716985402670792,-3,0,0,0.0,179
cage_cup_04.npz,cage_cup,0.7819706498951782,C3b,0,3,3,0,0,0,0.16716985402670792,-3,0,0,0.0,179
cage_cup_04.npz,cage_cup,0.7819706498951782,C4,,,,2,0,2,0.32208762496801313,7,2,0,0.03619909502262444,221
cage_cup_04.npz,cage_cup,0.7819706498951782,C5,0,0,0,0,0,0,0.16716985402670792,-3,0,0,0.0,179
chair_00.npz,chair,0.9036004645760743,C0,0,0,0,0,0,0,0.0,0,0,0,0.0,174
chair_00.npz,chair,0.9036004645760743,C1,0,0,0,0,0,0,0.031609195402298854,0,0,0,0.0,174
chair_00.npz,chair,0.9036004645760743,C2,0,3,3,0,2,2,0.7396367790242179,-1,-2,0,0.0,123
chair_00.npz,chair,0.9036004645760743,C3,0,0,0,0,0,0,0.031609195402298854,0,0,0,0.0,174
chair_00.npz,chair,0.9036004645760743,C3b,0,5,5,0,0,0,0.031609195402298854,0,0,0,0.0,174
chair_00.npz,chair,0.9036004645760743,C4,,,,0,2,2,0.18057295528625567,3,-2,0,0.0,174
chair_00.npz,chair,0.9036004645760743,C5,0,0,0,0,2,2,0.031609195402298854,0,-2,0,0.0,174
chair_01.npz,chair,0.9052132701421801,C0,0,0,0,0,0,0,0.0,0,0,0,0.0,175
chair_01.npz,chair,0.9052132701421801,C1,0,0,0,0,0,0,0.03428571428571429,2,0,0,0.0,175
chair_01.npz,chair,0.9052132701421801,C2,0,5,5,0,2,2,0.6225166835526577,-5,-1,0,0.0,125
chair_01.npz,chair,0.9052132701421801,C3,0,0,0,0,0,0,0.03428571428571429,2,0,0,0.0,175
chair_01.npz,chair,0.9052132701421801,C3b,0,3,3,0,0,0,0.03428571428571429,2,0,0,0.0,175
chair_01.npz,chair,0.9052132701421801,C4,,,,0,2,2,0.17960799190449922,1,-2,0,0.0,172
chair_01.npz,chair,0.9052132701421801,C5,0,0,0,0,2,2,0.03428571428571429,2,-2,0,0.0,175
chair_02.npz,chair,0.9100968188105117,C0,0,0,0,0,0,0,0.0,0,0,0,0.0,166
chair_02.npz,chair,0.9100968188105117,C1,0,0,0,0,0,0,0.024096385542168676,0,0,0,0.0,166
chair_02.npz,chair,0.9100968188105117,C2,0,4,4,0,1,1,0.5256523433951773,1,-1,0,0.0,131
chair_02.npz,chair,0.9100968188105117,C3,0,0,0,0,0,0,0.024096385542168676,0,0,0,0.0,166
chair_02.npz,chair,0.9100968188105117,C3b,0,5,5,0,0,0,0.024096385542168676,0,0,0,0.0,166
chair_02.npz,chair,0.9100968188105117,C4,,,,0,0,0,0.09875083154704709,-1,0,0,0.0,163
chair_02.npz,chair,0.9100968188105117,C5,0,0,0,0,0,0,0.024096385542168676,0,0,0,0.0,166
chair_03.npz,chair,0.8991596638655462,C0,0,0,0,0,0,0,0.0,0,0,0,0.0,166
chair_03.npz,chair,0.8991596638655462,C1,0,0,0,0,0,0,0.02710843373493976,0,0,0,0.0,166
chair_03.npz,chair,0.8991596638655462,C2,0,4,4,0,1,1,0.5987332030267677,1,-1,1,0.0,121
chair_03.npz,chair,0.8991596638655462,C3,0,0,0,0,0,0,0.02710843373493976,0,0,0,0.0,166
chair_03.npz,chair,0.8991596638655462,C3b,0,7,7,0,1,1,0.02710843373493976,0,-1,0,0.0,166
chair_03.npz,chair,0.8991596638655462,C4,,,,0,2,2,0.17279292917053432,3,-2,0,0.0,166
chair_03.npz,chair,0.8991596638655462,C5,0,0,0,0,2,2,0.02710843373493976,0,-2,0,0.0,166
chair_04.npz,chair,0.8580562659846548,C0,0,0,0,0,0,0,0.0,0,0,0,0.0,165
chair_04.npz,chair,0.8580562659846548,C1,0,0,0,0,0,0,0.028696604600219056,1,0,0,0.0,166
chair_04.npz,chair,0.8580562659846548,C2,0,4,4,0,1,1,0.35369353131628967,4,-1,1,0.0,143
chair_04.npz,chair,0.8580562659846548,C3,0,0,0,0,0,0,0.028696604600219056,1,0,0,0.0,166
chair_04.npz,chair,0.8580562659846548,C3b,0,4,4,0,0,0,0.028696604600219056,1,0,0,0.0,166
chair_04.npz,chair,0.8580562659846548,C4,,,,0,1,1,0.19263863335724732,5,-1,0,0.0,162
chair_04.npz,chair,0.8580562659846548,C5,0,0,0,0,0,0,0.028696604600219056,1,0,0,0.0,166
jar_lid_00.npz,jar_lid,0.45376607470912433,C0,0,0,0,0,0,0,0.0,0,0,0,0.0,48
jar_lid_00.npz,jar_lid,0.45376607470912433,C1,0,0,0,0,0,0,1.0,-2,0,-1,0.0,0
jar_lid_00.npz,jar_lid,0.45376607470912433,C2,0,0,0,0,0,0,1.0,-2,0,-1,0.0,0
jar_lid_00.npz,jar_lid,0.45376607470912433,C3,1,0,1,1,0,1,1.0,-2,0,-1,0.0,0
jar_lid_00.npz,jar_lid,0.45376607470912433,C3b,1,0,1,1,0,1,1.0,-2,0,-1,0.0,0
jar_lid_00.npz,jar_lid,0.45376607470912433,C4,,,,0,0,0,1.0,-2,0,-1,0.0,0
jar_lid_00.npz,jar_lid,0.45376607470912433,C5,1,0,1,0,0,0,1.0,-2,0,-1,0.0,0
jar_lid_01.npz,jar_lid,0.45376607470912433,C0,0,0,0,0,0,0,0.0,0,0,0,0.0,48
jar_lid_01.npz,jar_lid,0.45376607470912433,C1,0,0,0,0,0,0,1.0,-2,0,-1,0.0,0
jar_lid_01.npz,jar_lid,0.45376607470912433,C2,0,0,0,0,0,0,1.0,-2,0,-1,0.0,0
jar_lid_01.npz,jar_lid,0.45376607470912433,C3,1,0,1,1,0,1,1.0,-2,0,-1,0.0,0
jar_lid_01.npz,jar_lid,0.45376607470912433,C3b,1,0,1,1,0,1,1.0,-2,0,-1,0.0,0
jar_lid_01.npz,jar_lid,0.45376607470912433,C4,,,,0,0,0,1.0,-2,0,-1,0.0,0
jar_lid_01.npz,jar_lid,0.45376607470912433,C5,1,0,1,0,0,0,1.0,-2,0,-1,0.0,0
jar_lid_02.npz,jar_lid,0.45376607470912433,C0,0,0,0,0,0,0,0.0,0,0,0,0.0,48
jar_lid_02.npz,jar_lid,0.45376607470912433,C1,0,0,0,0,0,0,1.0,-2,0,-1,0.0,0
jar_lid_02.npz,jar_lid,0.45376607470912433,C2,0,0,0,0,0,0,1.0,-2,0,-1,0.0,0
jar_lid_02.npz,jar_lid,0.45376607470912433,C3,1,0,1,1,0,1,1.0,-2,0,-1,0.0,0
jar_lid_02.npz,jar_lid,0.45376607470912433,C3b,0,0,0,0,0,0,1.0,-2,0,-1,0.0,0
jar_lid_02.npz,jar_lid,0.45376607470912433,C4,,,,0,0,0,1.0,-2,0,-1,0.0,0
jar_lid_02.npz,jar_lid,0.45376607470912433,C5,1,0,1,0,0,0,1.0,-2,0,-1,0.0,0
jar_lid_03.npz,jar_lid,0.45376607470912433,C0,0,0,0,0,0,0,0.0,0,0,0,0.0,48
jar_lid_03.npz,jar_lid,0.45376607470912433,C1,0,0,0,0,0,0,1.0,-2,0,-1,0.0,0
jar_lid_03.npz,jar_lid,0.45376607470912433,C2,0,0,0,0,0,0,1.0,-2,0,-1,0.0,0
jar_lid_03.npz,jar_lid,0.45376607470912433,C3,1,0,1,1,0,1,1.0,-2,0,-1,0.0,0
jar_lid_03.npz,jar_lid,0.45376607470912433,C3b,0,0,0,0,0,0,1.0,-2,0,-1,0.0,0
jar_lid_03.npz,jar_lid,0.45376607470912433,C4,,,,0,0,0,1.0,-2,0,-1,0.0,0
jar_lid_03.npz,jar_lid,0.45376607470912433,C5,1,0,1,0,0,0,1.0,-2,0,-1,0.0,0
jar_lid_04.npz,jar_lid,0.45376607470912433,C0,0,0,0,0,0,0,0.0,0,0,0,0.0,48
jar_lid_04.npz,jar_lid,0.45376607470912433,C1,0,0,0,0,0,0,1.0,-2,0,-1,0.0,0
jar_lid_04.npz,jar_lid,0.45376607470912433,C2,0,0,0,0,0,0,1.0,-2,0,-1,0.0,0
jar_lid_04.npz,jar_lid,0.45376607470912433,C3,1,0,1,1,0,1,1.0,-2,0,-1,0.0,0
jar_lid_04.npz,jar_lid,0.45376607470912433,C3b,0,0,0,0,0,0,1.0,-2,0,-1,0.0,0
jar_lid_04.npz,jar_lid,0.45376607470912433,C4,,,,0,0,0,1.0,-2,0,-1,0.0,0
jar_lid_04.npz,jar_lid,0.45376607470912433,C5,1,0,1,0,0,0,1.0,-2,0,-1,0.0,0
spring_00.npz,spring,0.787765293383271,C0,0,0,0,0,0,0,0.0,0,0,0,0.0,140
spring_00.npz,spring,0.787765293383271,C1,0,0,0,0,0,0,0.2636832386690335,0,0,2,0.0,156
spring_00.npz,spring,0.787765293383271,C2,0,0,0,0,0,0,0.2636832386690335,0,0,2,0.0,156
spring_00.npz,spring,0.787765293383271,C3,0,0,0,0,0,0,0.2636832386690335,0,0,2,0.0,156
spring_00.npz,spring,0.787765293383271,C3b,0,0,0,0,0,0,0.2636832386690335,0,0,2,0.0,156
spring_00.npz,spring,0.787765293383271,C4,,,,0,0,0,0.2636832386690335,0,0,2,0.0,156
spring_00.npz,spring,0.787765293383271,C5,0,0,0,0,0,0,0.2636832386690335,0,0,2,0.0,156
spring_01.npz,spring,0.7732696897374701,C0,0,0,0,0,0,0,0.0,0,0,0,0.0,143
spring_01.npz,spring,0.7732696897374701,C1,0,0,0,0,0,0,0.23925584474087425,1,0,0,0.0,165
spring_01.npz,spring,0.7732696897374701,C2,0,0,0,0,0,0,0.23925584474087425,1,0,0,0.0,165
spring_01.npz,spring,0.7732696897374701,C3,0,0,0,0,0,0,0.23925584474087425,1,0,0,0.0,165
spring_01.npz,spring,0.7732696897374701,C3b,0,0,0,0,0,0,0.23925584474087425,1,0,0,0.0,165
spring_01.npz,spring,0.7732696897374701,C4,,,,0,0,0,0.23925584474087425,1,0,0,0.0,165
spring_01.npz,spring,0.7732696897374701,C5,0,0,0,0,0,0,0.23925584474087425,1,0,0,0.0,165
spring_02.npz,spring,0.7872093023255814,C0,0,0,0,0,0,0,0.0,0,0,0,0.0,146
spring_02.npz,spring,0.7872093023255814,C1,0,0,0,0,0,0,0.2908019311458019,2,0,0,0.0,169
spring_02.npz,spring,0.7872093023255814,C2,0,0,0,0,0,0,0.2908019311458019,2,0,0,0.0,169
spring_02.npz,spring,0.7872093023255814,C3,0,0,0,0,0,0,0.2908019311458019,2,0,0,0.0,169
spring_02.npz,spring,0.7872093023255814,C3b,0,0,0,0,0,0,0.2908019311458019,2,0,0,0.0,169
spring_02.npz,spring,0.7872093023255814,C4,,,,0,0,0,0.2908019311458019,2,0,0,0.0,169
spring_02.npz,spring,0.7872093023255814,C5,0,0,0,0,0,0,0.2908019311458019,2,0,0,0.0,169
spring_03.npz,spring,0.74090407938258,C0,0,0,0,0,0,0,0.0,0,0,0,0.0,144
spring_03.npz,spring,0.74090407938258,C1,0,0,0,0,0,0,0.2343340508400806,2,0,0,0.0,165
spring_03.npz,spring,0.74090407938258,C2,0,0,0,0,0,0,0.2343340508400806,2,0,0,0.0,165
spring_03.npz,spring,0.74090407938258,C3,0,0,0,0,0,0,0.2343340508400806,2,0,0,0.0,165
spring_03.npz,spring,0.74090407938258,C3b,0,0,0,0,0,0,0.2343340508400806,2,0,0,0.0,165
spring_03.npz,spring,0.74090407938258,C4,,,,0,0,0,0.2343340508400806,2,0,0,0.0,165
spring_03.npz,spring,0.74090407938258,C5,0,0,0,0,0,0,0.2343340508400806,2,0,0,0.0,165
spring_04.npz,spring,0.7807118254879449,C0,0,0,0,0,0,0,0.0,0,0,0,0.0,143
spring_04.npz,spring,0.7807118254879449,C1,0,0,0,0,0,0,0.2495839516999474,2,0,0,0.0,169
spring_04.npz,spring,0.7807118254879449,C2,0,0,0,0,0,0,0.2495839516999474,2,0,0,0.0,169
spring_04.npz,spring,0.7807118254879449,C3,0,0,0,0,0,0,0.2495839516999474,2,0,0,0.0,169
spring_04.npz,spring,0.7807118254879449,C3b,0,0,0,0,0,0,0.2495839516999474,2,0,0,0.0,169
spring_04.npz,spring,0.7807118254879449,C4,,,,0,0,0,0.2495839516999474,2,0,0,0.0,169
spring_04.npz,spring,0.7807118254879449,C5,0,0,0,0,0,0,0.2495839516999474,2,0,0,0.0,169
table_00.npz,table,0.8893709327548807,C0,0,0,0,0,0,0,0.0,0,0,0,0.0,196
table_00.npz,table,0.8893709327548807,C1,0,0,0,0,0,0,0.04081632653061224,0,0,0,0.0,196
table_00.npz,table,0.8893709327548807,C2,0,0,0,0,0,0,0.7743908197892727,2,0,0,0.0,173
table_00.npz,table,0.8893709327548807,C3,0,0,0,0,0,0,0.04081632653061224,0,0,0,0.0,196
table_00.npz,table,0.8893709327548807,C3b,0,3,3,0,0,0,0.04081632653061224,0,0,0,0.0,196
table_00.npz,table,0.8893709327548807,C4,,,,0,0,0,0.2175013582122542,-2,0,0,0.0,194
table_00.npz,table,0.8893709327548807,C5,0,0,0,0,0,0,0.04081632653061224,0,0,0,0.0,196
table_01.npz,table,0.9866071428571429,C0,0,0,0,0,0,0,0.0,0,0,0,0.0,208
table_01.npz,table,0.9866071428571429,C1,0,0,0,0,0,0,0.0047169811320754715,0,0,0,0.0,212
table_01.npz,table,0.9866071428571429,C2,0,0,0,0,0,0,0.0047169811320754715,0,0,0,0.0,212
table_01.npz,table,0.9866071428571429,C3,0,0,0,0,0,0,0.0047169811320754715,0,0,0,0.0,212
table_01.npz,table,0.9866071428571429,C3b,0,2,2,0,0,0,0.0047169811320754715,0,0,0,0.0,212
table_01.npz,table,0.9866071428571429,C4,,,,0,0,0,0.017875045570543202,0,0,0,0.0,211
table_01.npz,table,0.9866071428571429,C5,0,0,0,0,0,0,0.0047169811320754715,0,0,0,0.0,212
table_02.npz,table,0.9951573849878934,C0,0,0,0,0,0,0,0.0,0,0,0,0.0,207
table_02.npz,table,0.9951573849878934,C1,0,0,0,0,0,0,0.020324187348727284,1,0,0,0.0,207
table_02.npz,table,0.9951573849878934,C2,0,0,0,0,0,0,0.020324187348727284,1,0,0,0.0,207
table_02.npz,table,0.9951573849878934,C3,0,0,0,0,0,0,0.020324187348727284,1,0,0,0.0,207
table_02.npz,table,0.9951573849878934,C3b,0,0,0,0,0,0,0.020324187348727284,1,0,0,0.0,207
table_02.npz,table,0.9951573849878934,C4,,,,0,0,0,0.020324187348727284,1,0,0,0.0,207
table_02.npz,table,0.9951573849878934,C5,0,0,0,0,0,0,0.020324187348727284,1,0,0,0.0,207
table_03.npz,table,0.8961864406779662,C0,0,0,0,0,0,0,0.0,0,0,0,0.0,201
table_03.npz,table,0.8961864406779662,C1,0,0,0,0,0,0,0.0472636815920398,0,0,0,0.0,201
table_03.npz,table,0.8961864406779662,C2,0,0,0,0,0,0,0.7349827936541858,-2,0,0,0.0,173
table_03.npz,table,0.8961864406779662,C3,0,0,0,0,0,0,0.0472636815920398,0,0,0,0.0,201
table_03.npz,table,0.8961864406779662,C3b,0,3,3,0,0,0,0.0472636815920398,0,0,0,0.0,201
table_03.npz,table,0.8961864406779662,C4,,,,0,0,0,0.19672470978441128,-2,0,0,0.0,198
table_03.npz,table,0.8961864406779662,C5,0,0,0,0,0,0,0.0472636815920398,0,0,0,0.0,201
table_04.npz,table,0.9122401847575058,C0,0,0,0,0,0,0,0.0,0,0,0,0.0,186
table_04.npz,table,0.9122401847575058,C1,0,0,0,0,0,0,0.057023656482708754,0,0,0,0.0,191
table_04.npz,table,0.9122401847575058,C2,0,0,0,0,0,0,0.057023656482708754,0,0,0,0.0,191
table_04.npz,table,0.9122401847575058,C3,0,0,0,0,0,0,0.057023656482708754,0,0,0,0.0,191
table_04.npz,table,0.9122401847575058,C3b,0,1,1,0,0,0,0.057023656482708754,0,0,0,0.0,191
table_04.npz,table,0.9122401847575058,C4,,,,0,0,0,0.08139688153824043,0,0,0,0.0,189
table_04.npz,table,0.9122401847575058,C5,0,0,0,0,0,0,0.057023656482708754,0,0,0,0.0,191
